url,keyword,
https://docs.google.com/document/d/1m1iw3yUCtvQBf7VnpRqur7f4k61MVs5usJe_1ioNm28/edit,shipping-container-for-sale-new-york-1,
https://docs.google.com/document/d/1cVB5Uxu48-_fBd6A5Cgd4BTgMUzuBdSWWgeaxFmzYI8/edit,shipping-container-for-sale-new-york-2,
https://docs.google.com/document/d/1J_omy-AJbwPOl9aTTQXiA7U8IAuYYRrcQGgD1Z3b1Os/edit,shipping-container-for-sale-new-york-3,
https://docs.google.com/document/d/1MhbPgv3FfeKb0Te8X3cFsWxE8XIwLHfBCib_tbPhmw8/edit,shipping-container-for-sale-new-york-4,
https://docs.google.com/document/d/1sPiLu2RZi-9ZctiKYrevT86QvTXpC88uoAdUaACpaO0/edit,shipping-container-for-sale-new-york-5,
https://docs.google.com/document/d/1Fxgqa23D6xGTi7tYHoF73AnzmqzIpdQxnEno03QwZig/edit,shipping-container-for-sale-new-york-6,
https://docs.google.com/document/d/1GFmiOqliDo-mLH1jR8EsHKibmomqL0HnBVxetEOFdSM/edit,shipping-container-for-sale-new-york-7,
https://docs.google.com/document/d/1Az2hutKlYkJol-T71WEDH3aM3__7uWA-LTc1ZZv0OHQ/edit,shipping-container-for-sale-new-york-8,
https://docs.google.com/document/d/1eACABJEafQElffAt8OzV-U87pr6FeD2b5LlmfHVbKWk/edit,shipping-container-for-sale-new-york-9,
https://docs.google.com/document/d/1i788saZhq4BgZJZMq9FqEFAcQ24yV4-uJ8YnPzo5Ifk/edit,shipping-container-for-sale-new-york-10,
,,
,,
,,
,,
,,
,,
,,
,,
,,
,,
,,
,,
,,
,,
,,
,,
,,
,,
,,
,,
,,
,,
,,
,,
,,
,,
,,
,,
,,
,,
,,
,,
,,
,,
,,
,,
,,
,,
,,
,,
,,
,,
,,
,,
,,
,,
,,
,,
,,
,,
,,
,,
,,
,,
,,
,,
,,
,,
,,
,,
,,
,,
,,
,,
,,
,,
,,
,,
,,
,,
,,
,,
,,
,,
,,
,,
,,
,,
,,
,,
,,
,,
,,
,,
,,
,,
,,
,,
,,
,,
,,
,,
,,
,,
,,
,,
,,
,,
,,
,,
,,
,,
,,
,,
,,
,,
,,
,,
,,
,,
,,
,,
,,
,,
,,
,,
,,
,,
,,prev.html